사용본거지법정동명,연료,200912 승용 비사업용,200912 승용 사업용,200912 승합 비사업용,200912 승합 사업용,200912 특수 비사업용,200912 특수 사업용,200912 화물 비사업용,200912 화물 사업용,201012 승용 비사업용,201012 승용 사업용,201012 승합 비사업용,201012 승합 사업용,201012 특수 비사업용,201012 특수 사업용,201012 화물 비사업용,201012 화물 사업용,201112 승용 비사업용,201112 승용 사업용,201112 승합 비사업용,201112 승합 사업용,201112 특수 비사업용,201112 특수 사업용,201112 화물 비사업용,201112 화물 사업용,201212 승용 비사업용,201212 승용 사업용,201212 승합 비사업용,201212 승합 사업용,201212 특수 비사업용,201212 특수 사업용,201212 화물 비사업용,201212 화물 사업용,201312 승용 비사업용,201312 승용 사업용,201312 승합 비사업용,201312 승합 사업용,201312 특수 비사업용,201312 특수 사업용,201312 화물 비사업용,201312 화물 사업용,201412 승용 비사업용,201412 승용 사업용,201412 승합 비사업용,201412 승합 사업용,201412 특수 비사업용,201412 특수 사업용,201412 화물 비사업용,201412 화물 사업용,201512 승용 비사업용,201512 승용 사업용,201512 승합 비사업용,201512 승합 사업용,201512 특수 비사업용,201512 특수 사업용,201512 화물 비사업용,201512 화물 사업용,201612 승용 비사업용,201612 승용 사업용,201612 승합 비사업용,201612 승합 사업용,201612 특수 비사업용,201612 특수 사업용,201612 화물 비사업용,201612 화물 사업용,201712 승용 비사업용,201712 승용 사업용,201712 승합 비사업용,201712 승합 사업용,201712 특수 비사업용,201712 특수 사업용,201712 화물 비사업용,201712 화물 사업용,201812 승용 비사업용,201812 승용 사업용,201812 승합 비사업용,201812 승합 사업용,201812 특수 비사업용,201812 특수 사업용,201812 화물 비사업용,201812 화물 사업용
서울특별시 영등포구 영등포동,CNG,,,,,,,1,,,,,,,,1,,,,,,,,1,,,,,,,,1,,1,,,,,,1,,1,,,,,,1,,1,,,,,,1,,1,,,,,,1,,1,,,,,,1,,,,,,,,1,
서울특별시 영등포구 영등포동,경유,777,2,133,3,,,353,37,802,,131,,,,350,37,804,,132,,,,330,36,848,,142,,1,1,336,44,879,,153,,1,1,333,45,921,,152,,1,1,341,41,994,,137,,1,1,316,36,1052,,142,,1,1,315,33,1090,,149,,1,2,326,34,1176,,132,,2,4,339,34
서울특별시 영등포구 영등포동,기타연료,,,,,,,,,,,1,,,,,,,,1,,,,,,,,,,,,1,1,,,1,,,,1,1,,,2,,,,1,1,,,3,,,,,1,,,2,,,,,1,,,3,,,,,1,,,3,,,,,1
서울특별시 영등포구 영등포동,엘피지,330,110,87,,,,62,11,325,41,79,,,,63,13,321,40,62,,,,69,9,312,38,68,,,,67,10,302,40,64,,,,59,9,280,35,46,,,,53,9,259,35,37,,,,43,11,254,34,32,,,,46,13,253,38,23,,,,50,11,220,40,17,,,,38,10
서울특별시 영등포구 영등포동,전기,,,,,,,,,,,,,,,,,,,,,,,,,,,,,,,,,,,,,,,,,,,,,,,,,,,,,,,,,,,,,,,,,1,,,,,,,,2,,,,,,,
서울특별시 영등포구 영등포동,하이브리드(LPG+전기),2,,,,,,,,1,,,,,,,,1,,,,,,,,3,,,,,,,,3,,,,,,,,2,,,,,,,,1,,,,,,,,2,,,,,,,,2,,,,,,,,1,,,,,,,
서울특별시 영등포구 영등포동,하이브리드(휘발유+전기),1,,,,,,,,1,,,,,,,,7,,,,,,,,16,,,,,,,,22,,,,,,,,27,,,,,,,,42,,,,,,,,55,,,,,,,,82,,,,,,,,96,,,,,,,
서울특별시 영등포구 영등포동,휘발유,820,1,,,,,2,,963,,,,,,2,,991,,,,,,1,,979,,,,,,1,,968,,,,,,1,,916,,,,,,1,,884,,,,,,1,,911,,,,,,1,,908,,,,,,,,910,,,,,,1,
서울특별시 영등포구 영등포동,휘발유(무연),1434,6,3,,,,,,1399,,2,,,,1,,1325,,3,,,,1,,1347,,2,,,,1,,1321,,2,,,,1,,1285,,2,,,,1,,1301,,4,,,,1,,1272,,3,,,,1,,1246,,4,,,,1,,1243,,3,,,,,
서울특별시 영등포구 영등포동,휘발유(유연),,,,,,,,,,,,,,,,,,,,,,,,,,,,,,,,,,,,,,,,,,,,,,,,,,,,,,,,,1,,,,,,,,2,,,,,,,,3,,,,,,,
서울특별시 영등포구 영등포동1가,CNG,,,,,,,,,,,,,,,,,,,,,,,,,,,,,,,,,,,,,,,,,1,,,,,,,,,,,,,,,,,,,,,,,,,,,,,,,,,,,,,,,
서울특별시 영등포구 영등포동1가,경유,35,,11,,,3,93,43,43,,13,,,2,85,43,48,,15,,,2,85,113,63,,16,,,5,100,130,68,,15,,,2,95,149,80,,21,,2,2,73,3,88,,20,,,1,77,2,96,,13,1,,1,77,3,117,,10,1,1,,66,2,137,,9,,2,,58,1
서울특별시 영등포구 영등포동1가,기타연료,,,,,,,,,,,,,,,,,,,,,,,,,,,,,,,,,,,,,,,,,,,,,,,1,,,,1,,,,,,,,,,,,,,,,,,,,,,,,,,,,,
서울특별시 영등포구 영등포동1가,엘피지,21,,5,,,,56,,19,,6,,,,49,,24,,6,,,,44,4,30,,8,,,,43,3,31,,5,,,,38,3,35,,4,,,,25,2,34,,2,,,,13,2,26,,2,,,,9,2,21,,1,,,,7,1,29,,2,,,,6,
서울특별시 영등포구 영등포동1가,전기,,,,,,,,,,,,,,,,,,,,,,,,,,,,,,,,,,,,,,,,,,,,,,,,,,,,,,,,,,,,,,,,,2,,,,,,,,4,,,,,,,
서울특별시 영등포구 영등포동1가,하이브리드(LPG+전기),,,,,,,,,,,,,,,,,,,,,,,,,,,,,,,,,,,,,,,,,,,,,,,,,1,,,,,,,,1,,,,,,,,1,,,,,,,,1,,,,,,,
서울특별시 영등포구 영등포동1가,하이브리드(휘발유+전기),,,,,,,,,,,,,,,,,,,,,,,,,1,,,,,,,,3,,,,,,,,2,,,,,,,,6,,,,,,,,9,,,,,,,,10,,,,,,,,13,,,,,,,
서울특별시 영등포구 영등포동1가,휘발유,57,,,,,,,,54,,,,,,,,67,,,,,,,,89,,,,,,,,93,,,,,,,,110,,,,,,,,122,,,,,,,,125,,,,,,,,125,,,,,,,,136,,,,,,,
서울특별시 영등포구 영등포동1가,휘발유(무연),82,,,,,,,,81,,,,,,,,86,,,,,,,,105,,,,,,,,126,,,,,,,,142,,,,,,,,156,,,,,,,,165,,,,,,,,178,,,,,,,,193,,,,,,,
서울특별시 영등포구 영등포동1가,휘발유(유연),,,,,,,,,,,,,,,,,,,,,,,,,,,,,,,,,,,,,,,,,,,,,,,,,,,,,,,,,,,,,,,,,2,,,,,,,,1,,,,,,,
서울특별시 영등포구 영등포동2가,경유,140,,63,,,36,407,72,146,,41,5,,33,376,76,150,,37,9,,33,371,109,153,,40,,,38,376,108,165,,41,6,,35,372,104,160,,37,7,1,34,354,106,193,,35,7,,35,352,120,214,,37,7,,37,341,142,232,,39,5,,10,350,74,280,,40,,,10,357,73
서울특별시 영등포구 영등포동2가,기타연료,,,,,,,,29,,,,,,,,28,,,,,,,,25,,,,,,,,30,,,,,,,,32,,,,,,,,33,,,,,,,,35,,,,,,,,35,,,,,,,,11,,,,,,,,11
서울특별시 영등포구 영등포동2가,엘피지,51,1,27,,,,43,2,45,1,26,,,,42,3,41,2,23,,,,36,3,32,2,21,,,,33,3,27,3,21,,,,31,2,30,3,13,,,,28,2,29,3,8,,,,28,2,37,3,6,,,,25,3,49,4,5,,,,26,1,51,4,6,,,,23,1
서울특별시 영등포구 영등포동2가,전기,,,,,,,,,,,,,,,,,,,,,,,,,,,,,,,,,,,,,,,,,,,,,,,,,,,,,,,,,,,,,,,,,,,,,,,,,1,,,,,,,
서울특별시 영등포구 영등포동2가,하이브리드(LPG+전기),1,,,,,,,,1,,,,,,,,1,,,,,,,,1,,,,,,,,1,,,,,,,,2,,,,,,,,1,,,,,,,,3,,,,,,,,3,,,,,,,,3,,,,,,,
서울특별시 영등포구 영등포동2가,하이브리드(휘발유+전기),3,,,,,,,,3,,,,,,,,4,,,,,,,,7,,,,,,,,10,,,,,,,,5,,,,,,,,8,,,,,,,,9,,,,,,,,10,,,,,,,,23,,,,,,,
서울특별시 영등포구 영등포동2가,휘발유,160,,,,,,1,,167,,,,,,1,,179,,,,,,1,,178,,,,,,1,,204,,,,,,2,,199,,,,,,2,,211,,,,,,1,,211,,,,,,1,,213,,,,,,1,,233,,,,,,1,
서울특별시 영등포구 영등포동2가,휘발유(무연),188,,,,,,,,180,,,,,,,,201,,,,,,,,213,,,,,,,,229,,,,,,,,259,,,,,,,,269,,,,,,,,297,,,,,,1,,299,,,,,,1,,352,,,,,,1,
서울특별시 영등포구 영등포동3가,CNG,,,,,,,2,,,,,,,,2,,,,,,,,2,,,,,,,,2,,,,,,,,2,,,,,,,,2,,,,,,,,2,,,,,,,,2,,,,,,,,2,,,,,,,,2,
서울특별시 영등포구 영등포동3가,경유,30,,10,,,,42,,37,,12,,1,,49,,36,,13,,1,,51,,38,,13,,1,,49,,37,,12,,1,,46,,41,,16,,1,,51,,44,,15,,1,,52,,50,,14,,1,,51,,54,,17,,2,,55,,70,,27,,2,,70,
서울특별시 영등포구 영등포동3가,기타연료,,,,,,,,,,,,,,,,,,,,,,,,,,,,,,,,,,,,,,,,,,,,,,,,,,,,,,,,,,,,,,,,,,,1,,,,,,,,1,,,,,
서울특별시 영등포구 영등포동3가,엘피지,14,,5,,,,5,,12,,11,,,,15,,16,,10,,,,10,,16,,9,,,,10,,18,,8,,,,9,,17,,8,,,,8,,20,,9,,,,9,1,15,,7,,,,11,1,17,,6,,,,9,1,25,,15,,,,17,
서울특별시 영등포구 영등포동3가,하이브리드(휘발유+전기),,,,,,,,,,,,,,,,,,,,,,,,,1,,,,,,,,1,,,,,,,,2,,,,,,,,1,,,,,,,,1,,,,,,,,2,,,,,,,,3,,,,,,,
서울특별시 영등포구 영등포동3가,휘발유,42,,,,,,1,,48,,,,,,1,,53,,,,,,1,,59,,,,,,1,,56,,,,,,,,54,,,,,,,,82,,,,,,,,78,,,,,,,,75,,,,,,,,89,,,,,,,
서울특별시 영등포구 영등포동3가,휘발유(무연),71,,1,,,,,,71,,1,,,,,,66,,1,,,,,,81,,1,,,,,,74,,1,,,,,,87,,1,,,,,,86,,,,,,,,97,,1,,,,,,81,,1,,,,,,153,,2,,,,,
서울특별시 영등포구 영등포동4가,경유,34,,18,,6,,59,,29,,17,,6,,61,,33,,17,,6,,59,,32,,19,,5,,56,1,63,,19,,6,,51,1,69,4,24,1,7,,52,1,87,4,23,1,7,,52,,107,2,28,,9,,44,,104,1,31,,6,,48,,102,1,29,,6,,46,
서울특별시 영등포구 영등포동4가,기타연료,,,,,1,,,,,,,,1,,,,,,,,1,,,,,,,,1,,,,,,,,1,,,,,,1,,1,,,,,,1,,1,,,,,,1,,,,,,,,1,,,,1,,,,1,,,,1,
서울특별시 영등포구 영등포동4가,엘피지,11,,8,,,,8,1,11,,7,,,,7,1,9,,8,,,,5,1,8,,5,,,,5,1,19,,5,,,,7,1,20,45,4,,,,7,1,17,45,5,,,,9,1,17,37,8,,,,3,1,15,44,6,,,,6,1,17,59,5,,,,5,1
서울특별시 영등포구 영등포동4가,전기,,,,,,,,,,,,,,,,,1,,,,,,,,1,,,,,,,,2,,,,,,,,2,,,,,,,,2,,,,,,,,2,,,,,,,,3,,,,,,,,5,,,,,,,
서울특별시 영등포구 영등포동4가,하이브리드(LPG+전기),,,,,,,,,1,,,,,,,,1,,,,,,,,,,,,,,,,,,,,,,,,,,,,,,,,,,,,,,,,,,,,,,,,,,,,,,,,,,,,,,,
서울특별시 영등포구 영등포동4가,하이브리드(휘발유+전기),1,,,,,,,,1,,,,,,,,1,,,,,,,,2,,,,,,,,2,,,,,,,,3,2,,,,,,,3,2,,,,,,,7,,,,,,,,5,,,,,,,,6,,,,,,,
서울특별시 영등포구 영등포동4가,휘발유,85,,,,,,,,72,,,,,,,,56,,,,,,,,57,,,,,,,,107,,,,,,,,116,,,,,,,,119,,,,,,,,117,,,,,,,,111,,,,,,1,,115,,,,,,1,
서울특별시 영등포구 영등포동4가,휘발유(무연),62,,,,,,,,80,,,,,,,,85,,,,,,,,73,,,,,,,,132,,,,,,,,128,39,,,,,,,119,39,,,,,,,117,18,,,,,,,113,20,,,,,,,121,10,,,,,,
서울특별시 영등포구 영등포동5가,경유,90,,25,,,,76,19,84,,25,,,,72,15,85,,25,,,,83,15,87,,25,,,,84,13,92,,28,11,,,79,7,96,,24,2,,1,87,5,95,,26,2,,,82,4,108,,24,2,,,80,4,99,,25,24,,,77,4,94,,24,23,1,,77,4
서울특별시 영등포구 영등포동5가,기타연료,,,,,,,,,,,,,,,,,,,,,,,,,,,,,,,,,,,,,,,,,,,,,,,,,,,,,,,,,,,,,,,,,,,1,,,,,,,,,,,,,
서울특별시 영등포구 영등포동5가,엘피지,27,2,22,,,,19,3,25,2,25,,,,18,3,25,3,25,,,,19,2,24,2,20,,,,13,2,30,3,19,,,,15,2,30,2,12,,,,9,2,32,,13,,,,8,3,30,,10,,,,12,3,32,,8,,,,13,1,33,,5,,,,14,1
서울특별시 영등포구 영등포동5가,전기,,,,,,,,,,,,,,,,,,,,,,,,,,,,,,,,,,,,,,,,,,,,,,,,,,,,,,,,,,,,,,,,,,,,,,,,,2,,,,,,,
서울특별시 영등포구 영등포동5가,하이브리드(LPG+전기),,,,,,,,,1,,,,,,,,,,,,,,,,,,,,,,,,,,,,,,,,,,,,,,,,,,,,,,,,,,,,,,,,,,,,,,,,,,,,,,,
서울특별시 영등포구 영등포동5가,하이브리드(휘발유+전기),,,,,,,,,,,,,,,,,,,,,,,,,,,,,,,,,,,,,,,,,2,,,,,,,,3,,,,,,,,2,,,,,,,,4,,,,,,,,6,,,,,,,
서울특별시 영등포구 영등포동5가,휘발유,78,,,,,,1,,93,1,,,,,1,,110,,,,,,1,,94,,,,,,1,,98,,,,,,1,,105,,,,,,1,,98,,,,,,1,,97,,,,,,1,,104,,,,,,1,,103,,,,,,2,
서울특별시 영등포구 영등포동5가,휘발유(무연),132,,,,,,,,119,4,,,,,,,143,,,,,,,,145,,,,,,,,144,,,,,,,,132,,,,,,,,129,,,,,,,,127,,,,,,,,138,,,,,,,,119,,,,,,,
서울특별시 영등포구 영등포동6가,경유,42,,22,,,,81,,42,,23,,,,92,1,46,,25,,,,91,1,44,,26,,,,94,2,48,,30,,,,98,2,56,,24,,,,98,2,61,,22,,,,94,1,64,,24,,1,,97,,81,,24,,1,,111,,81,,26,,1,,112,
서울특별시 영등포구 영등포동6가,엘피지,17,,8,,,,19,,22,,7,,,,21,,25,,5,,,,21,,29,,5,,,,18,,27,,3,,,,20,,27,,4,,,,19,,25,,5,,,,18,,25,,5,,,,19,,24,,3,,,,16,,24,,2,,,,13,
서울특별시 영등포구 영등포동6가,하이브리드(휘발유+전기),,,,,,,,,1,,,,,,,,1,,,,,,,,1,,,,,,,,2,,,,,,,,3,,,,,,,,3,,,,,,,,1,,,,,,,,3,,,,,,,,8,,,,,,,
서울특별시 영등포구 영등포동6가,휘발유,57,,,,,,,,71,,,,,,,,72,,,,,,,,79,,,,,,,,86,,,,,,,,86,,,,,,,,86,,,,,,,,87,,,,,,,,84,,,,,,,,99,,,,,,,
서울특별시 영등포구 영등포동6가,휘발유(무연),113,,,,,,,,119,,,,,,1,,116,,,,,,,,122,,,,,,,,122,,1,,,,,,107,,,,,,,,112,,,,,,,,120,,,,,,,,134,,,,,,,,150,,,,,,,
서울특별시 영등포구 영등포동7가,경유,333,,83,6,2,,471,58,350,,84,5,11,,478,38,373,,85,7,11,,488,40,394,,85,7,12,,487,35,367,7,76,9,12,,446,19,383,8,77,7,12,1,440,21,408,7,72,11,12,3,435,19,442,,68,12,12,2,444,18,716,,80,11,13,1,480,20,805,,72,12,14,2,488,22
서울특별시 영등포구 영등포동7가,기타연료,,,,,,,,,,,,,,,3,,,,,,,,2,,,,,,,,2,,,,1,,,,2,,,,1,,,,2,,,,,,,,2,,,,,,,,1,,,,,,,,4,,,,1,,,,7,
서울특별시 영등포구 영등포동7가,엘피지,121,15,59,,,,56,8,124,15,54,,,,71,5,124,14,47,,,,64,5,124,13,44,,,,69,6,95,33,35,,,,53,4,89,34,29,,,,45,2,82,29,22,,,,44,2,71,8,19,,,,40,2,96,9,18,,,,36,4,110,8,19,,,,30,3
서울특별시 영등포구 영등포동7가,전기,,,,,,,,,,,,,,,,,,,,,,,,,,,,,,,,,,,,,,,,,,,,,,,,,,,,,,,,,,,,,,,,,,,,,,,,,6,,,,,,,
서울특별시 영등포구 영등포동7가,하이브리드(LPG+전기),,,,,,,,,,,,,,,,,3,,,,,,,,3,,,,,,,,,,,,,,,,,,,,,,,,,,,,,,,,,,,,,,,,1,,,,,,,,1,,,,,,,
서울특별시 영등포구 영등포동7가,하이브리드(휘발유+전기),1,,,,,,,,1,,,,,,,,4,,,,,,,,11,,,,,,,,5,,,,,,,,7,,,,,,,,12,,,,,,,,16,,,,,,,,58,,,,,,,,77,,,,,,,
서울특별시 영등포구 영등포동7가,휘발유,376,,,,,,2,,413,,,,,,2,,429,,,,,,2,,437,,,,,,2,,401,2,,,,,2,,391,1,,,,,2,,383,,,,,,2,,354,,,,,,2,,590,,,,,,2,,673,,,,,,3,
서울특별시 영등포구 영등포동7가,휘발유(무연),697,,,,,,1,,693,,,,,,,,670,,,,,,,,675,,,,,,,,577,4,,,,,,,543,3,,,,,,,541,4,1,,,,,,559,,1,,,,,,830,,,,,,,,923,,,,,,,
서울특별시 영등포구 영등포동7가,휘발유(유연),,,,,,,,,,,,,,,,,,,,,,,,,,,,,,,,,,,,,,,,,,,,,,,,,,,,,,,,,1,,,,,,,,1,,,,,,,,1,,,,,,,
서울특별시 영등포구 영등포동8가,경유,243,3,50,5,2,19,131,3,240,3,50,5,2,19,114,2,259,4,54,5,3,22,111,2,267,3,50,5,4,20,109,3,338,3,58,5,5,21,125,6,375,3,59,6,5,18,151,8,403,5,64,5,5,1,153,8,438,6,67,4,3,2,148,6,466,6,62,4,2,2,158,6,478,6,51,2,4,2,152,6
서울특별시 영등포구 영등포동8가,기타연료,,,,,,,,,,,,,,,1,,,,,,,,1,,,,,,,,1,,,,,,,,1,1,,,,,,,1,1,,,,,,,1,1,,,,,,,1,2,,,1,,,,1,5,,,1,,,,2,5
서울특별시 영등포구 영등포동8가,엘피지,74,51,26,,,,38,,65,53,18,,,,29,2,62,53,15,,,,29,2,63,36,14,,,,27,2,63,38,8,,,,29,1,59,39,10,,,,25,1,48,38,6,,,,22,2,55,39,4,,,,26,1,56,37,3,,,,21,2,55,32,4,,,,17,1
서울특별시 영등포구 영등포동8가,전기,,,,,,,,,,,,,,,,,,,,,,,,,,,,,,,,,,,,,,,,,,,,,,,,,,,,,,,,,,,,,,,,,,,,,,,,,2,,,,,,,
서울특별시 영등포구 영등포동8가,하이브리드(LPG+전기),,,,,,,,,,,,,,,,,,,,,,,,,1,,,,,,,,4,,,,,,,,2,,,,,,,,2,,,,,,,,1,,,,,,,,,,,,,,,,,,,,,,,
서울특별시 영등포구 영등포동8가,하이브리드(휘발유+전기),1,,,,,,,,2,,,,,,,,5,,,,,,,,10,,,,,,,,14,,,,,,,,14,,,,,,,,17,,,,,,,,25,,,,,,,,37,,,,,,,,46,,,,,,,
서울특별시 영등포구 영등포동8가,휘발유,382,7,1,,,,,,390,6,,,,,,,403,5,,,,,,,402,4,,,,,,,447,3,,,,,,,469,4,1,,,,,,465,2,1,,,,,,484,3,1,,,,,,486,2,1,,,,,,484,2,1,,,,,
서울특별시 영등포구 영등포동8가,휘발유(무연),546,4,3,,,,,,533,4,3,,,,,,520,5,3,,,,,,500,5,3,,,,,,545,9,3,,,,,,566,9,3,,,,,,562,11,3,,,,,,596,11,2,,,,,,626,11,2,,,,,,627,9,,,,,,
서울특별시 영등포구 여의도동,CNG,12,,1,,,,8,,8,,1,,,,8,,12,,1,,,,15,,20,,1,,,,19,,8,,1,,,,9,,2,,1,,,,5,,9,,1,,,,5,,9,,1,,,,5,,8,,1,,,,4,,1,,2,,,,4,
서울특별시 영등포구 여의도동,경유,6891,437,1294,343,40,3,3569,233,5354,257,1199,306,37,2,4076,234,3915,48,1085,261,54,2,3871,221,3468,15,956,239,55,4,4050,212,4181,23,869,204,52,3,3445,206,6350,181,779,207,57,23,2669,221,8693,156,766,177,177,149,2517,295,9097,112,689,160,264,150,1725,413,7607,66,606,83,260,144,1288,380,6069,24,569,62,272,149,1228,350
서울특별시 영등포구 여의도동,기타연료,4,,2,,,3,2,10,4,,3,,,3,3,10,2,,4,,1,3,7,10,2,,3,,1,3,9,10,2,,2,,2,3,7,2,1,,2,,2,3,9,42,1,,1,,3,3,11,42,1,,4,,3,2,11,42,1,,6,,2,2,17,42,1,,8,,3,2,17,44
서울특별시 영등포구 여의도동,수소,,,,,,,,,,,,,,,,,,,,,,,,,,,,,,,,,,,,,,,,,,,,,,,,,1,,,,,,,,2,,,,,,,,3,,,,,,,,2,,,,,,,
서울특별시 영등포구 여의도동,엘피지,914,2513,231,12,,,173,3,761,1185,202,6,,,186,4,607,286,166,4,,,247,3,529,202,139,1,,,223,5,588,127,114,1,1,,137,3,573,217,86,1,1,,102,2,531,176,77,,1,,90,1,395,71,68,,,,82,3,377,62,63,,,,69,2,310,65,57,,,,69,4
서울특별시 영등포구 여의도동,전기,,,,,,,,,2,,,,,,,,2,,,,,,,,6,,,,,,,,8,,,,,,,,13,,,,,,,,18,,,,,,,,59,18,,,,,,,110,104,,,,,,,232,276,,,,,,
서울특별시 영등포구 여의도동,하이브리드(LPG+전기),50,,,,,,,,68,,,,,,,,68,6,,,,,,,54,6,,,,,,,33,5,,,,,,,20,,,,,,,,23,,,,,,,,13,,,,,,,,8,,,,,,,,7,,,,,,,
서울특별시 영등포구 여의도동,하이브리드(경유+전기),,,,,,,,,,,,,,,,,,,,,,,,,,,,,,,,,,,,,,,,,1,,,,,,,,2,,,,,,,,3,,,,,,,,1,,,,,,,,,,,,,,,
서울특별시 영등포구 여의도동,하이브리드(휘발유+전기),40,,,,,,,,49,,,,,,,,86,,,,,,,,166,5,,,,,,,298,76,,,,,,,456,154,,,,,,,631,260,,,,,,,684,300,,,,,,,700,322,,,,,,,734,303,,,,,,
서울특별시 영등포구 여의도동,휘발유,9552,448,13,,1,,22,,8579,251,18,,1,,19,,7713,161,18,,1,,18,,7200,19,13,,1,,15,,7221,16,11,,1,,14,,7410,15,10,,,,13,,7644,9,11,,,,14,,7275,5,7,,,,16,,6769,3,4,,,,19,,6216,4,5,,,,19,
서울특별시 영등포구 여의도동,휘발유(무연),7492,96,14,,,,13,,7119,65,15,,,,11,,6660,109,10,,,,10,,6703,105,9,,,,9,,6623,69,10,,,,8,,6916,228,8,,,,8,,7345,239,5,,,,11,,7293,136,2,,,,13,,6852,92,2,,,,14,,6202,42,2,,,,13,
서울특별시 영등포구 여의도동,휘발유(유연),,,,,,,,,,,,,,,,,,,,,,,,,1,,,,,,,,1,,,,,,,,1,,,,,,,,1,,,,,,,,6,,,,,,,,6,,,,,,,,6,,,,,,,
서울특별시 영등포구 당산동1가,CNG,,,,,,,,,,,,,,,,,,,,,,,,,,,,,,,,,,,,,,,,,,,,,,,,,,,,,,,,,1,,,,,,,,1,,,,,,,,1,,,,,,,
서울특별시 영등포구 당산동1가,경유,284,,60,,,,251,13,291,,57,,,,258,23,285,,63,,,,260,18,301,,64,,1,,257,18,318,,59,,1,1,257,22,365,,58,,1,1,254,27,403,,64,,1,2,248,30,431,,67,,1,2,266,30,439,,69,,1,1,278,19,468,1,69,2,2,2,257,17
서울특별시 영등포구 당산동1가,기타연료,,,,,,,1,,,,,,,,1,,,,,,,,1,,,,,,,,1,,,,,,,,1,,,,,,,,1,,,,1,,,,1,,,,2,,,,1,,,,1,,,,6,,,,,,,,5,
서울특별시 영등포구 당산동1가,엘피지,131,15,49,,,,56,7,128,15,42,,,,53,5,132,14,41,,,,49,7,133,13,40,,,,42,7,121,12,34,,,,36,6,116,13,21,,,,34,6,106,12,18,,,,27,5,95,13,16,,,,24,5,102,12,17,,,,22,4,106,25,14,,,,23,3
서울특별시 영등포구 당산동1가,전기,,,,,,,,,,,,,,,,,1,,,,,,,,1,,,,,,,,1,,,,,,,,1,,,,,,,,1,,,,,,,,1,,,,,,,,1,,,,,,,,3,,,,,,,
서울특별시 영등포구 당산동1가,하이브리드(LPG+전기),,,,,,,,,1,,,,,,,,3,,,,,,,,4,,,,,,,,3,,,,,,,,3,,,,,,,,4,,,,,,,,4,,,,,,,,5,,,,,,,,4,,,,,,,
서울특별시 영등포구 당산동1가,하이브리드(휘발유+전기),1,,,,,,,,1,,,,,,,,1,,,,,,,,8,,,,,,,,6,,,,,,,,13,,,,,,,,14,,,,,,,,17,,,,,,,,18,,,,,,,,37,,,,,,,
서울특별시 영등포구 당산동1가,휘발유,333,,1,,,,3,,343,,1,,,,3,,348,,1,,,,3,,357,,1,,,,3,,343,,1,,,,3,,347,,1,,,,3,,339,,1,,,,3,,364,,1,,,,4,,378,,1,,,,4,,383,,1,,,,3,
서울특별시 영등포구 당산동1가,휘발유(무연),589,,2,,,,,,560,,2,,,,,,537,,1,,,,1,,543,,1,,,,1,,548,,1,,,,1,,528,,1,,,,1,,528,,1,,,,1,,550,,1,,,,1,,566,,1,,,,1,,568,4,1,,,,1,
서울특별시 영등포구 당산동1가,휘발유(유연),,,,,,,,,,,,,,,,,,,,,,,,,,,,,,,,,,,,,,,,,,,,,,,,,,,,,,,,,1,,,,,,,,,,,,,,,,,,,,,,,
서울특별시 영등포구 당산동2가,경유,308,3,56,8,,,239,18,326,3,51,5,,,239,9,344,4,53,7,,,256,39,354,10,59,7,,,253,35,381,42,57,10,,,230,50,396,88,54,13,4,2,229,53,441,2,53,,4,3,214,21,436,2,48,,2,2,204,22,458,2,43,,2,27,197,93,474,,38,,2,26,208,89
서울특별시 영등포구 당산동2가,기타연료,,,,,1,,1,,,,,,1,,1,,,,,,1,,1,,,,,,1,,1,,,,,,1,,1,,,,,,1,,1,2,,,,,1,,1,2,,,,,1,,1,1,,,,,1,,1,23,,,,,1,,1,20
서울특별시 영등포구 당산동2가,엘피지,116,104,45,,,,31,5,111,117,42,,,,30,3,118,160,34,,,,29,3,111,235,30,,,,30,3,107,290,27,,,,22,3,107,371,20,,,,22,2,91,8,15,,,,23,3,98,8,12,,,,22,2,77,9,9,,,,21,2,76,10,13,,,,17,1
서울특별시 영등포구 당산동2가,하이브리드(LPG+전기),,,,,,,,,,,,,,,,,,,,,,,,,1,,,,,,,,1,,,,,,,,1,,,,,,,,,,,,,,,,,,,,,,,,,,,,,,,,,,,,,,,
서울특별시 영등포구 당산동2가,하이브리드(휘발유+전기),,,,,,,,,1,,,,,,,,1,,,,,,,,3,,,,,,,,7,,,,,,,,15,,,,,,,,20,,,,,,,,31,,,,,,,,44,,,,,,,,46,,,,,,,
서울특별시 영등포구 당산동2가,휘발유,438,43,,,,,,,487,68,,,,,,,509,70,1,,,,,,495,52,1,,,,,,489,37,1,,,,,,474,30,1,,,,,,468,,1,,,,,,470,,1,,,,,,460,,1,,,,,,452,,,,,,,
서울특별시 영등포구 당산동2가,휘발유(무연),732,2,2,,,,2,,719,2,,,,,2,,709,20,1,,,,1,,690,82,2,,,,2,,660,110,2,,,,2,,646,131,2,,,,2,,629,1,1,,,,2,,624,,1,,,,2,,624,,1,,,,1,,620,,1,,,,1,
서울특별시 영등포구 당산동2가,휘발유(유연),,,,,,,,,,,,,,,,,,,,,,,,,,,,,,,,,,,,,,,,,,,,,,,,,,,,,,,,,1,,,,,,,,2,,,,,,,,2,,,,,,,
서울특별시 영등포구 당산동3가,CNG,,,,,,,12,,,,,,,,13,,,,,,,,14,,1,,,,,,15,,1,,,,,,15,,1,,,,,,15,,1,,,,,,14,,1,,,,,,14,,1,,,,,,13,,,,,,,,12,
서울특별시 영등포구 당산동3가,경유,393,2,104,16,5,12,375,646,465,2,128,15,5,10,395,740,472,7,101,14,5,13,402,740,477,9,102,13,3,16,371,466,492,8,110,18,4,11,351,448,575,16,108,15,4,8,337,439,660,25,106,17,2,8,355,271,683,25,100,13,2,8,362,279,753,54,113,16,2,12,365,264,757,49,109,12,4,17,372,282
서울특별시 영등포구 당산동3가,기타연료,,,,,,,,7,,,,,,,1,7,,,,,,,1,8,,,,,,,1,8,,,2,,,,3,7,,,1,,,,4,5,,,1,,,,2,5,,,,,,,1,5,,,1,,,,1,5,,,2,,,,1,5
서울특별시 영등포구 당산동3가,엘피지,214,72,60,,,,70,31,231,73,57,,,,67,13,226,83,48,,,,67,14,204,89,46,,,1,62,12,178,91,39,,,,57,8,173,90,32,,,,54,5,182,91,33,,,,50,3,173,79,27,,,,48,3,159,63,27,,1,,43,3,145,60,24,,,,33,6
서울특별시 영등포구 당산동3가,전기,,,,,,,,,,,,,,,,,,,,,,,,,1,,,,,,,,1,,,,,,,,1,,,,,,,,5,,,,,,,,8,,,,,,,,31,,,,,,,,39,,,,,,,
서울특별시 영등포구 당산동3가,하이브리드(LPG+전기),1,,,,,,,,2,,,,,,,,3,,,,,,,,4,,,,,,,,5,,,,,,,,5,,,,,,,,3,,,,,,,,5,,,,,,,,3,,,,,,,,3,,,,,,,
서울특별시 영등포구 당산동3가,하이브리드(휘발유+전기),7,,,,,,,,9,,,,,,,,11,,,,,,,,20,,,,,,,,26,,,,,,,,31,,,,,,,,33,,,,,,,,49,,,,,,,,63,,,,,,,,61,1,,,,,,
서울특별시 영등포구 당산동3가,휘발유,592,3,,,,,2,,723,2,,,,,2,,734,6,,,,,2,,756,6,,,,,2,,753,4,,,,,2,,764,1,,,,,2,,776,,,,,,3,,748,1,,,,,3,,741,1,,,,,2,,704,2,,,,,2,
서울특별시 영등포구 당산동3가,휘발유(무연),951,1,2,,,,1,,997,3,2,,,,1,,956,9,1,,,,,,931,17,1,,,,,,889,28,1,,,,,,910,51,1,,,,,,923,66,1,,,,,,951,51,1,,,,,,1008,91,,,,,1,,990,105,,,,,,
서울특별시 영등포구 당산동3가,휘발유(유연),,,,,,,,,,,,,,,,,,,,,,,,,,,,,,,,,,,,,,,,,,,,,,,,,,,,,,,,,1,,,,,,,,2,,,,,,,,2,,,,,,,
서울특별시 영등포구 당산동4가,CNG,,,,33,,,,,,,,40,,,,,,,,44,,,,,,,,48,,,,,,,,53,,,,,,,,55,,,,,,,,55,,,,,1,,,55,,,,,1,,,55,,,,,,,,55,,,,
서울특별시 영등포구 당산동4가,경유,593,1,83,14,7,3,271,29,669,1,85,7,7,,296,31,690,1,86,3,7,1,275,123,735,1,89,1,7,,257,117,793,1,83,,7,,254,36,858,1,84,,7,,267,31,998,150,98,15,8,1,284,26,1120,105,92,9,7,5,284,39,1200,116,85,10,7,5,298,90,1240,111,76,9,1,4,296,96
서울특별시 영등포구 당산동4가,기타연료,,,,,,,,23,,,,,,,,23,,,,,,,,24,,,,,,,1,23,,,1,,,,1,22,,,1,,,,2,22,,,1,,,,2,22,,,2,,,,3,26,,,3,,,,3,25,,,2,,,,1,2
서울특별시 영등포구 당산동4가,엘피지,233,33,74,,,,53,8,248,34,66,,,,54,5,243,30,62,,,,45,4,217,29,52,,,,36,4,205,26,46,,,,34,3,203,24,42,,,,37,2,199,428,28,,,,33,3,199,266,24,,,,27,3,188,260,20,,,,21,1,167,228,15,,,,15,1
서울특별시 영등포구 당산동4가,전기,,,,,,,,,,,,,,,,,,,,,,,,,,,,,,,,,,,,,,,,,,,,,,,,,2,,,,,,,,2,,,,,,,,3,,,,,,,,8,,,,,,,
서울특별시 영등포구 당산동4가,하이브리드(LPG+전기),,,,,,,,,1,,,,,,,,3,,,,,,,,4,,,,,,,,5,,,,,,,,4,,,,,,,,4,,,,,,,,2,,,,,,,,2,,,,,,,,4,,,,,,,
서울특별시 영등포구 당산동4가,하이브리드(휘발유+전기),1,,,,,,,,,,,,,,,,1,,,,,,,,12,,,,,,,,29,,,,,,,,34,,,,,,,,48,,,,,,,,74,3,,,,,,,102,3,,,,,,,138,1,,,,,,
서울특별시 영등포구 당산동4가,휘발유,822,,,,,,2,,969,,,,,,2,,1066,,,,,,2,,1097,,,,,,2,,1106,,,,,,2,,1062,,,,,,2,,1105,20,,,,,2,,1146,14,,,,,2,,1196,21,,,,,2,,1170,20,,,,,1,
서울특별시 영등포구 당산동4가,휘발유(무연),1360,,1,,,,1,,1390,,1,,,,1,,1382,,1,,,,1,,1355,,1,,,,1,,1335,,1,,,,1,,1297,,1,,,,1,,1369,147,1,,,,1,,1412,89,,,,,2,,1478,100,,,,,2,,1503,101,,,,,2,
서울특별시 영등포구 당산동4가,휘발유(유연),,,,,,,,,,,,,,,,,,,,,,,,,,,,,,,,,,,,,,,,,,,,,,,,,,,,,,,,,,1,,,,,,,1,1,,,,,,,1,1,,,,,,
서울특별시 영등포구 당산동5가,경유,543,,67,,3,,211,51,579,,67,,4,,181,14,599,,71,,6,,172,9,654,,66,,5,13,173,89,714,,68,,5,1,164,26,763,,61,,22,,160,40,887,,52,,17,,156,41,925,,49,,17,,154,42,837,,41,,17,,144,35,850,,44,,16,,133,33
서울특별시 영등포구 당산동5가,기타연료,,,,,,,,,,,,,,,1,,,,,,,,1,,,,,,,,2,36,,,,,,,2,,,,1,,,,1,,,,1,,,,1,,,,,,,,1,,,,,,,,1,,,,1,,,,2,
서울특별시 영등포구 당산동5가,수소,,,,,,,,,,,,,,,,,,,,,,,,,,,,,,,,,,,,,,,,,,,,,,,,,,,,,,,,,,,,,,,,,,,,,,,,,1,,,,,,,
서울특별시 영등포구 당산동5가,엘피지,208,17,60,,,,26,3,208,16,51,,,,22,2,208,11,43,,,,22,2,195,10,35,,,,23,2,188,9,24,,,,20,6,181,9,22,,,,17,6,183,9,19,,,,19,6,176,9,14,,,,13,6,135,8,12,,,,12,6,114,9,9,,,,10,7
서울특별시 영등포구 당산동5가,전기,,,,,,,,,,,,,,,,,,,,,,,,,,,,,,,,,,,,,,,,,,,,,,,,,,,,,,,,,,,,,,,,,2,,,,,,,,5,,,,,,,
서울특별시 영등포구 당산동5가,하이브리드(LPG+전기),1,,,,,,,,1,,,,,,,,1,,,,,,,,1,,,,,,,,1,,,,,,,,1,,,,,,,,2,,,,,,,,2,,,,,,,,2,,,,,,,,2,,,,,,,
서울특별시 영등포구 당산동5가,하이브리드(휘발유+전기),3,,,,,,,,3,,,,,,,,4,,,,,,,,15,,,,,,,,29,,,,,,,,38,,,,,,,,49,,,,,,,,74,,,,,,,,92,,,,,,,,120,,,,,,,
서울특별시 영등포구 당산동5가,휘발유,1039,,,,,,,,1106,,,,,,,,1156,,,,,,,,1150,,,,,,,,1187,,,,,,,,1188,,,,,,,,1209,,,,,,,,1197,,,,,,,,1054,,,,,,,,1039,,,,,,2,
서울특별시 영등포구 당산동5가,휘발유(무연),1473,,1,,1,,1,,1376,,,,1,,1,,1358,,1,,,,,,1354,,,,,,,,1339,,,,,,,,1343,,,,,,,,1360,,1,,,,,,1335,,,,,,,,1178,,,,,,,,1222,2,,,,,1,
서울특별시 영등포구 당산동5가,휘발유(유연),,,,,,,,,,,,,,,,,,,,,,,,,,,,,,,,,,,,,,,,,,,,,,,,,,,,,,,,,2,,,,,,,,3,,,,,,,,4,,,,,,,
서울특별시 영등포구 당산동6가,CNG,,,,,,,,,,,,,,,,,,,,,,,,,,,,,,,,,,,,,,,,,,,,,,,,,,,,,,,,,,,,,,,,,1,,,,,,,,1,,,,,,,
서울특별시 영등포구 당산동6가,경유,172,,58,,1,6,258,25,175,,54,,2,6,248,39,185,,56,,1,6,260,32,205,,54,,1,6,215,33,209,,61,,1,1,202,38,209,,61,,2,1,215,4,239,,61,,2,1,204,5,239,,56,,1,1,182,6,246,,54,,3,1,180,8,279,,49,,5,1,199,5
서울특별시 영등포구 당산동6가,기타연료,,,,,,,,,,,,,,,1,,,,,,,,2,,,,,,,,1,,,,,,,,,,,,,,,,2,,,,,,,,2,,,,,,,,,,,,,,,,1,,,,,,,,1,
서울특별시 영등포구 당산동6가,엘피지,60,6,28,,,,33,8,60,7,30,,,,26,11,58,11,24,,,,30,6,57,6,21,,,,19,3,55,6,20,,,,20,4,53,6,19,,,,15,2,49,7,15,,,,10,2,45,6,14,,,,9,3,51,4,9,,,,10,3,48,4,9,,,,10,3
서울특별시 영등포구 당산동6가,전기,,,,,,,,,,,,,,,,,,,,,,,,,1,,,,,,,,1,,,,,,,,1,,,,,,,,1,,,,,,,,1,,,,,,,,1,,,,,,,,2,,,,,,,
서울특별시 영등포구 당산동6가,하이브리드(LPG+전기),1,,,,,,,,,,,,,,,,,,,,,,,,,,,,,,,,,,,,,,,,2,,,,,,,,,,,,,,,,,,,,,,,,1,,,,,,,,2,,,,,,,
서울특별시 영등포구 당산동6가,하이브리드(휘발유+전기),,,,,,,,,,,,,,,,,2,,,,,,,,7,,,,,,,,6,,,,,,,,7,,,,,,,,8,,,,,,,,8,,,,,,,,10,,,,,,,,20,,,,,,,
서울특별시 영등포구 당산동6가,휘발유,237,,,,,,,,263,,,,,,,,278,,,,,,,,265,,,,,,,,261,,,,,,,,271,,,,,,,,249,,,,,,,,231,,,,,,,,249,,,,,,,,239,,,,,,,
서울특별시 영등포구 당산동6가,휘발유(무연),342,,3,,,,,,333,,2,,,,,,332,,2,,,,,,319,,1,,,,,,342,,1,,,,,,325,,1,,,,,,338,,1,,,,,,316,,1,,,,,,287,,,,,,,,314,,,,,,,
서울특별시 영등포구 당산동,CNG,,,,,,,,,,,,,,,,,,,,,,,,,,,,,,,,,,,,,,,,,,,,,,,,,,,,,,,,,1,,,,,,,,1,,,,,,,,2,,,,,,,
서울특별시 영등포구 당산동,경유,327,,40,,1,,149,22,335,,34,,1,2,145,65,351,,44,,2,,142,13,372,,44,,1,6,133,21,425,,39,,2,10,129,23,461,,37,,2,9,131,26,526,,43,,2,9,147,23,559,,44,,3,10,152,17,566,,37,,4,7,152,13,567,,38,,2,7,147,12
서울특별시 영등포구 당산동,기타연료,,,1,,,,,,,,1,,,,,,,,,,,,,,,,,,,,1,,,,1,,,,,,,,1,,1,,1,,,,1,,,,1,,,,1,,,,1,,,,1,,,,1,,,,,,,,1,
서울특별시 영등포구 당산동,엘피지,113,167,34,,,,25,2,116,167,26,,,,26,2,117,164,20,,,,28,4,107,154,18,,,,20,2,122,159,16,,,,17,2,123,171,17,,,,18,,125,169,16,,,,19,1,120,158,10,,,,19,2,112,168,9,,,,16,1,98,142,7,,,,13,2
서울특별시 영등포구 당산동,전기,,,,,,,,,,,,,,,,,,,,,,,,,,,,,,,,,,,,,,,,,,,,,,,,,,,,,,,,,1,,,,,,,,3,,,,,,,,5,,,,,,,
서울특별시 영등포구 당산동,하이브리드(LPG+전기),3,,,,,,,,4,,,,,,,,1,,,,,,,,1,,,,,,,,3,,,,,,,,2,,,,,,,,1,,,,,,,,1,,,,,,,,1,,,,,,,,,,,,,,,
서울특별시 영등포구 당산동,하이브리드(휘발유+전기),2,,,,,,,,2,,,,,,,,1,,,,,,,,10,,,,,,,,15,,,,,,,,21,,,,,,,,33,,,,,,,,42,,,,,,,,59,,,,,,,,76,,,,,,,
서울특별시 영등포구 당산동,휘발유,464,,,,,,1,,536,,,,,,1,,565,,,,,,1,,597,,,,,,1,,595,,,,,,1,,577,,,,,,1,,555,,,,,,1,,559,,,,,,1,,550,,,,,,1,,532,,,,,,1,
서울특별시 영등포구 당산동,휘발유(무연),706,,,,,,5,,688,,,,,,4,,667,,,,,,3,,667,,,,,,2,,722,,,,,,2,,729,,,,,,2,,711,,,,,,2,,693,,,,,,2,,699,,,,,,2,,740,,,,,,2,
서울특별시 영등포구 당산동,휘발유(유연),,,,,,,,,,,,,,,,,,,,,,,,,,,,,,,,,,,,,,,,,,,,,,,,,,,,,,,,,3,,,,,,,,3,,,,,,,,3,,,,,,,
서울특별시 영등포구 도림동,CNG,,,,11,,,,,,,,11,,,,,,1,,11,,,,,1,1,,11,,,,,1,1,,11,,,,,2,,,20,,,,,1,,,20,,,,,1,,,29,,,,,1,,,29,,,,,2,,,29,,,,
서울특별시 영등포구 도림동,경유,763,,196,,,19,569,103,710,,171,,,1,502,66,735,,178,,,16,509,97,783,,186,,,20,521,100,852,,169,29,,19,507,94,1142,1,203,40,,17,535,109,1257,6,209,42,,74,552,125,1402,14,212,52,1,77,566,116,1486,13,220,49,1,56,548,115,1465,64,225,41,1,61,539,133
서울특별시 영등포구 도림동,기타연료,2,,,,,,,,1,,,,,,,1,,,,,,,,1,,,,,,,,2,,,,,,,,2,,,1,,,,,2,,,,,,,2,1,,,,,,,4,2,,,1,,,,4,2,,,1,,,,4,2
서울특별시 영등포구 도림동,엘피지,420,146,128,,,,115,17,380,141,113,,,,94,18,358,142,93,,,,93,17,365,138,71,,,,90,16,339,149,69,,,,80,17,346,164,67,,,,85,20,339,165,54,,,,66,18,331,169,36,,,,71,10,313,166,34,,,,57,8,282,192,27,,,,41,8
서울특별시 영등포구 도림동,전기,,,,,,,,,,,,,,,,,,,,,,,,,,,,,,,,,,,,,,,,,,,,,,,,,,,,,,,,,,,,,,,,,2,,,,,,,,6,,,,,,,
서울특별시 영등포구 도림동,하이브리드(LPG+전기),2,,,,,,,,6,,,,,,,,9,,,,,,,,6,,,,,,,,5,,,,,,,,6,,,,,,,,7,,,,,,,,5,,,,,,,,6,,,,,,,,5,,,,,,,
서울특별시 영등포구 도림동,하이브리드(휘발유+전기),,,,,,,,,1,,,,,,,,7,,,,,,,,25,,,,,,,,29,,,,,,,,41,,,,,,,,51,1,,,,,,,67,1,,,,,,,92,1,,,,,,,114,5,,,,,,
서울특별시 영등포구 도림동,휘발유,923,,,,,,,,909,,,,,,,,928,,,,,,2,,933,,,,,,1,,921,,,,,,1,,1064,,,,,,1,,1057,,,,,,,,1092,,,,,,1,,1065,,,,,,1,,1091,5,,,,,2,
서울특별시 영등포구 도림동,휘발유(무연),1670,,5,,,,3,,1468,,5,,,,2,,1436,,5,,,,2,,1437,,5,,,,2,,1405,1,4,,,,1,,1579,1,3,,,,1,,1620,1,3,,,,1,,1607,3,4,,,,1,,1576,8,4,,,,1,,1584,39,2,,,,1,
서울특별시 영등포구 도림동,휘발유(유연),,,,,,,,,,,,,,,,,,,,,,,,,,,,,,,,,,,,,,,,,,,,,,,,,,,,,,,,,10,,,,,,,,4,,,,,,,,4,,,,,,,
서울특별시 영등포구 문래동1가,CNG,,,,,,,1,,,,,,,,1,,,,,,,,2,,,,,,,,2,,,,,,,,2,,,,,,,,2,,,,,,,,2,,,,,,,,2,,,,,,,,2,,,,,,,,2,
서울특별시 영등포구 문래동1가,경유,57,,20,,,6,158,20,52,,22,,,8,151,21,41,,20,,,8,139,21,36,,22,,,9,134,21,42,,25,,,9,129,22,46,,21,,,9,135,18,48,,22,,,9,136,16,48,,21,,,6,138,14,45,,20,,,4,139,14,55,,20,,,4,144,14
서울특별시 영등포구 문래동1가,기타연료,,,,,,,6,,,,,,,,6,5,,,,,,,6,5,,,,,,,6,4,,,,,,,6,9,,,,,,,1,12,,,,,,,,12,,,,,,,,9,,,,,,,1,9,,,,,,,,9
서울특별시 영등포구 문래동1가,엘피지,18,,11,,,,28,,21,,10,,,,27,,19,,8,,,,23,,18,,9,,,,18,,21,,9,,,,15,,20,,6,,,,16,,16,1,7,,,,14,,19,1,6,,,,12,,17,1,5,,,,10,1,15,1,4,,,,7,
서울특별시 영등포구 문래동1가,전기,,,,,,,,,,,,,,,,,,,,,,,,,,,,,,,,,,,,,,,,,,,,,,,,,,,,,,,,,,,,,,,,,,,,,,,,,1,,,,,,,
서울특별시 영등포구 문래동1가,하이브리드(휘발유+전기),,,,,,,,,,,,,,,,,1,,,,,,,,2,,,,,,,,2,,,,,,,,2,,,,,,,,4,,,,,,,,5,,,,,,,,5,,,,,,,,8,,,,,,,
서울특별시 영등포구 문래동1가,휘발유,81,,,,,,,,83,,,,,,,,81,,,,,,,,77,,,,,,,,76,,,,,,,,77,,,,,,,,73,,,,,,,,74,,,,,,,,73,,,,,,,,71,,,,,,,
서울특별시 영등포구 문래동1가,휘발유(무연),85,,,,,,,,88,,,,,,,,87,,,,,,,,85,,,,,,,,84,,,,,,,,87,,,,,,,,87,,,,,,,,87,,,,,,,,90,,,,,,,,103,,,,,,,
서울특별시 영등포구 문래동2가,경유,112,,22,,,,166,6,115,,21,,,,157,43,109,,18,,,,150,45,108,,22,,,1,139,99,108,,27,,,1,133,105,118,,23,,,1,130,108,126,,20,,,1,122,110,120,,20,,,1,121,113,127,,12,,,1,111,111,122,,10,,1,2,112,110
서울특별시 영등포구 문래동2가,기타연료,,,,,,,,,,,,,,,,,,,,,,,,,,,,,,,,1,,,,,,,,1,,,,,,,,1,,,,,,,,1,,,,,,,,1,,,,,,,,1,,,,,,,,1
서울특별시 영등포구 문래동2가,엘피지,43,6,18,,,,23,1,35,5,17,,,,22,,30,5,16,,,,21,,28,5,14,,,,18,,32,5,15,,,,13,,33,4,14,,,,10,,37,4,8,,,,9,,35,3,8,,,,7,,37,4,7,,,,6,,34,4,7,,,,10,
서울특별시 영등포구 문래동2가,하이브리드(휘발유+전기),,,,,,,,,,,,,,,,,,,,,,,,,3,,,,,,,,3,,,,,,,,3,,,,,,,,4,,,,,,,,5,,,,,,,,9,,,,,,,,13,,,,,,,
서울특별시 영등포구 문래동2가,휘발유,128,,,,,,,,135,,,,,,,,135,,,,,,,,124,,,,,,,,126,,,,,,,,118,,,,,,,,117,,,,,,,,114,,,,,,,,110,,,,,,,,112,,,,,,,
서울특별시 영등포구 문래동2가,휘발유(무연),198,,,,,,,,188,,,,,,,,198,,,,,,,,209,,,,,,,,201,,,,,,,,185,,,,,,,,177,,,,,,,,173,,,,,,,,176,,,,,,,,176,,,,,,,
서울특별시 영등포구 문래동3가,CNG,2,,,,,,,,2,,,,,,,,2,,,,,,,,2,,,,,,,,,,,,,,,,,,,,,,,,,,,,,,,,,,,,,,,,,,,,,,,,,,,,,,,
서울특별시 영등포구 문래동3가,경유,918,,98,1,11,1,634,109,989,,99,,7,2,721,339,1002,,107,,6,2,718,257,1045,,119,,9,2,714,253,1093,,121,,9,18,821,349,1142,,124,,6,18,764,349,1242,,121,,7,25,741,208,1312,,110,,12,5,743,157,1348,,113,,11,8,722,107,1363,,110,,12,8,663,111
서울특별시 영등포구 문래동3가,기타연료,,,,,,,5,37,,,,,,,5,37,,,,,,,1,35,,,,,,,4,33,,,1,,,,10,34,,,2,,,,21,25,,,1,,,,33,24,,,3,,,,48,17,,,2,,,,50,16,,,2,,,,45,6
서울특별시 영등포구 문래동3가,엘피지,313,20,113,,1,,94,6,307,17,78,,,,91,10,307,16,71,,,,77,9,284,16,57,,,,74,9,263,17,47,,,,65,10,259,15,44,,,,58,7,238,15,32,,,,50,7,225,14,31,,,,47,6,206,15,21,,,,47,5,195,19,20,,,,45,6
서울특별시 영등포구 문래동3가,전기,,,,,,,,,,,,,,,,,,,,,,,,,,,,,,,,,,,,,,,,,,,,,,,,,,,,,,,,,1,,,,,,,,1,,,,,,,,4,,,,,,,
서울특별시 영등포구 문래동3가,하이브리드(LPG+전기),1,,,,,,,,4,,,,,,,,5,,,,,,,,4,,,,,,,,4,,,,,,,,4,,,,,,,,4,,,,,,,,5,,,,,,,,5,,,,,,,,4,,,,,,,
서울특별시 영등포구 문래동3가,하이브리드(휘발유+전기),3,,,,,,,,4,,,,,,,,16,,,,,,,,36,,,,,,,,46,,,,,,,,53,,,,,,,,68,,,,,,,,86,,,,,,,,103,,,,,,,,137,2,,,,,,
서울특별시 영등포구 문래동3가,휘발유,1634,,1,,,,2,,1687,,1,,,,2,,1761,,1,,,,2,,1751,,1,,,,3,,1739,,,,,,3,,1638,,,,,,2,,1643,,,,,,2,,1590,,,,,,3,,1570,,,,,,2,,1505,,,,,,2,
서울특별시 영등포구 문래동3가,휘발유(무연),2099,,2,,,,1,,2000,,2,,,,,,2005,,2,,,,,,1958,,2,,,,,,1952,,2,,,,,,1933,,2,,,,1,,1914,,2,,,,1,,1869,,1,,,,,,1819,,1,,,,1,,1912,42,1,,,,,
서울특별시 영등포구 문래동3가,휘발유(유연),,,,,,,,,,,,,,,,,,,,,,,,,,,,,,,,,,,,,,,,,,,,,,,,,,,,,,,,,1,,,,,,,,2,,,,,,,,1,,,,,,,
서울특별시 영등포구 문래동4가,경유,158,,24,,,,115,7,151,,22,,,,113,6,150,,24,,,,116,6,156,,25,,,,121,7,167,,24,,,,112,9,163,,30,,,,108,8,172,,25,,,,117,8,178,,24,,,,110,7,180,,23,,,,101,5,199,,25,,,,111,6
서울특별시 영등포구 문래동4가,기타연료,,,,,,,,,,,,,,,,,,,,,,,,,,,,,,,,,,,,,,,,,,,,,,,,,,,,,,,,,,,,,,,,,,,,,,,,,,,2,,,,,
서울특별시 영등포구 문래동4가,엘피지,83,10,30,,,,13,1,81,8,26,,,,14,1,79,8,24,,,,18,1,67,8,20,,,,18,1,59,10,15,,,,16,2,47,11,12,,,,11,4,44,10,8,,,,10,3,41,11,9,,,,12,2,43,11,6,,,,12,2,48,8,6,,,,9,3
서울특별시 영등포구 문래동4가,전기,,,,,,,,,,,,,,,,,,,,,,,,,,,,,,,,,,,,,,,,,,,,,,,,,1,,,,,,,,,,,,,,,,,,,,,,,,,,,,,,,
서울특별시 영등포구 문래동4가,하이브리드(LPG+전기),,,,,,,,,,,,,,,,,1,,,,,,,,1,,,,,,,,1,,,,,,,,1,,,,,,,,,,,,,,,,,,,,,,,,,,,,,,,,1,,,,,,,
서울특별시 영등포구 문래동4가,하이브리드(휘발유+전기),1,,,,,,,,2,,,,,,,,2,,,,,,,,5,,,,,,,,6,,,,,,,,5,,,,,,,,9,,,,,,,,12,,,,,,,,23,,,,,,,,24,,,,,,,
서울특별시 영등포구 문래동4가,휘발유,188,,,,,,1,,186,,,,,,1,,217,,,,,,1,,210,,,,,,,,203,,,,,,,,194,,,,,,,,206,,,,,,,,191,,,,,,,,187,,,,,,,,165,,,,,,1,
서울특별시 영등포구 문래동4가,휘발유(무연),280,,,,,,1,,278,,,,,,1,,269,,,,,,1,,260,,,,,,1,,258,,,,,,1,,275,,,,,,1,,262,,,,,,1,,244,,,,,,1,,232,,,,,,1,,239,,,,,,1,
서울특별시 영등포구 문래동5가,경유,239,,29,,,,130,17,250,,33,,,,139,20,261,,30,,,,167,143,285,,37,,,,178,77,319,3,44,11,,7,186,85,341,12,39,27,,6,188,87,378,30,33,13,,7,188,87,430,39,41,4,1,5,191,87,452,41,46,4,,5,197,91,518,20,48,2,1,5,213,12
서울특별시 영등포구 문래동5가,기타연료,,,,,,,,,,,,,,,,,,,,,,,,,,,,,,,,,,,,,,,,,,,,,,,,,,,1,,,,,,,,1,,,,,,,,,,,,,,,,,,1,,,
서울특별시 영등포구 문래동5가,엘피지,113,16,36,,,,20,4,110,17,32,,,,18,4,109,19,25,,,,20,3,120,19,26,,,,17,4,117,29,16,,,1,17,6,110,51,13,,,1,15,6,114,61,11,,,,13,5,111,61,9,,,,12,6,108,40,6,,,,13,6,110,30,6,,,,15,4
서울특별시 영등포구 문래동5가,하이브리드(LPG+전기),,,,,,,,,,,,,,,,,,,,,,,,,,,,,,,,,,,,,,,,,1,,,,,,,,1,,,,,,,,1,,,,,,,,1,,,,,,,,2,,,,,,,
서울특별시 영등포구 문래동5가,하이브리드(휘발유+전기),,,,,,,,,,,,,,,,,1,,,,,,,,5,,,,,,,,6,,,,,,,,7,,,,,,,,15,,,,,,,,25,,,,,,,,26,,,,,,,,38,,,,,,,
서울특별시 영등포구 문래동5가,휘발유,300,,,,,,,,348,,,,,,,,383,,,,,,,,401,,,,,,,,407,,,,,,,,373,,,,,,,,367,,,,,,,,382,,,,,,,,382,1,,,,,,,442,1,,,,,,
서울특별시 영등포구 문래동5가,휘발유(무연),544,,1,,,,,,556,,1,,,,,,539,,1,,,,,,495,,1,,,,,,501,14,1,,,,,,484,30,1,,,,,,471,44,1,,,,,,485,49,,,,,,,514,39,,,,,,,582,17,,,,,,
서울특별시 영등포구 문래동5가,휘발유(유연),,,,,,,,,,,,,,,,,,,,,,,,,,,,,,,,,,,,,,,,,,,,,,,,,,,,,,,,,3,,,,,,,,3,,,,,,,,3,,,,,,,
서울특별시 영등포구 문래동6가,CNG,1,,,,,,,,1,,,,,,,,1,,,,,,,,2,,,,,,,,1,,,,,,,,1,,,,,,,,,,,,,,,,,,,,,,,,,,,,,,,,,,,,,,,
서울특별시 영등포구 문래동6가,경유,467,,50,,18,100,438,46,490,,38,,23,118,282,102,495,,41,,23,99,285,123,542,,48,,22,13,280,111,554,,55,,23,12,278,32,607,,58,,23,4,298,22,708,,66,,22,1,301,24,753,,62,,22,,310,13,796,,62,,23,,297,12,796,,62,,23,,290,16
서울특별시 영등포구 문래동6가,기타연료,,,,,,,4,29,,,,,,,4,25,,,,,,,2,26,,,,,,,2,23,,,,,,,3,23,,,,,,,3,22,,,,,,,2,22,,,,,,,2,21,,,,,,,3,21,,,,,,,3,21
서울특별시 영등포구 문래동6가,엘피지,212,110,75,,,,41,5,201,109,72,,,,43,6,199,109,59,,,,35,11,181,107,48,,1,,35,12,200,104,32,,1,,35,7,176,98,20,,2,,31,3,154,93,15,,2,,26,5,157,95,15,,1,,23,3,151,87,13,,1,,20,2,156,84,10,,2,,13,2
서울특별시 영등포구 문래동6가,전기,,,,,,,,,,,,,,,,,,,,,,,,,,,,,,,,,,,,,,,,,,,,,,,,,,,,,,,,,,,,,,,,,1,,,,,,,,2,,,,,,,
서울특별시 영등포구 문래동6가,하이브리드(LPG+전기),3,,,,,,,,3,,,,,,,,4,,,,,,,,2,,,,,,,,1,,,,,,,,1,,,,,,,,,,,,,,,,,,,,,,,,,,,,,,,,,,,,,,,
서울특별시 영등포구 문래동6가,하이브리드(휘발유+전기),2,,,,,,,,4,,,,,,,,5,,,,,,,,15,,,,,,,,24,,,,,,,,26,,,,,,,,31,,,,,,,,47,,,,,,,,64,,,,,,,,84,,,,,,,
서울특별시 영등포구 문래동6가,휘발유,662,,,,,,,,747,,,,,,,,770,,,,,,,,758,,,,,,,,752,,,,,,,,759,,,,,,,,761,6,,,,,,,747,,,,,,,,720,,,,,,,,731,,,,,,,
서울특별시 영등포구 문래동6가,휘발유(무연),1066,,2,,,,,,1015,,2,,,,,,979,,2,,,,,,958,,2,,,,,,914,,2,,,,,,959,,2,,,,,,994,,1,,,,,,963,,1,,,,,,1002,,1,,,,,,982,,,,,,,
서울특별시 영등포구 문래동6가,휘발유(유연),,,,,,,,,,,,,,,,,,,,,,,,,,,,,,,,,,,,,,,,,,,,,,,,,,,,,,,,,4,,,,,,,,4,,,,,,,,5,,,,,,,
서울특별시 영등포구 양평동1가,CNG,,,,,,,,,,,,,,,,,,,,6,,,,,,,,3,,,,,,1,,6,,,,,,1,,7,,,,,,,,7,,,,,,,,,,,,,,,,,,,,,,,,,,,,
서울특별시 영등포구 양평동1가,경유,277,4,73,21,24,2,471,304,320,1,81,23,27,4,461,379,357,1,83,15,26,6,481,332,388,,90,16,25,5,565,325,372,,81,17,26,3,616,325,385,,75,14,25,4,499,314,461,,80,16,25,14,530,336,499,,77,,25,24,556,427,518,,88,,26,14,562,438,496,,64,,26,13,462,375
서울특별시 영등포구 양평동1가,기타연료,,,,,,,1,1,,,,,,,2,,,,,,,,2,3,,,,,,,2,4,,,,,,,2,,,,,,,,2,,,,,,,,3,,,,,,,,4,,,,,,,,3,,,,,,,,4,
서울특별시 영등포구 양평동1가,엘피지,458,134,76,,,,52,118,484,161,78,,,,55,129,484,139,69,,,,53,129,453,110,52,,,,45,123,416,95,37,,,,35,113,411,93,28,,,,26,110,372,81,21,,,,29,108,384,81,23,,,,27,110,382,78,320,,,,26,102,327,89,20,,,,21,102
서울특별시 영등포구 양평동1가,전기,,,,,,,,,,,,,,,,,,,,,,,,,,,,,,,,,,,,,,,,,,,,,,,,,,,,,,,,,,,,,,,,,2,,,,,,,,3,,,,,,,
서울특별시 영등포구 양평동1가,하이브리드(LPG+전기),,,,,,,,,1,,,,,,,,1,,,,,,,,1,,,,,,,,3,,,,,,,,1,,,,,,,,2,,,,,,,,3,,,,,,,,3,,,,,,,,,,,,,,,
서울특별시 영등포구 양평동1가,하이브리드(휘발유+전기),,,,,,,,,,,,,,,,,1,,,,,,,,3,,,,,,,,10,,,,,,,,12,,,,,,,,16,,,,,,,,31,,,,,,,,37,,,,,,,,33,,,,,,,
서울특별시 영등포구 양평동1가,휘발유,316,2,,,,,2,,432,1,,,,,2,,480,1,,,,,3,,671,,2,,,,2,,520,,1,,,,2,,460,,,,,,2,,429,,,,,,2,,436,,1,,,,3,,444,,1,,,,2,,428,,1,,,,4,
서울특별시 영등포구 양평동1가,휘발유(무연),634,,,,,,1,,728,,,,,,,,742,1,,,,,,,957,,,,,,,,764,,,,,,,,669,,,,,,,,643,,1,,,,,,684,,,,,,,,694,,,,,,,,629,,,,,,,
서울특별시 영등포구 양평동1가,휘발유(유연),,,,,,,,,,,,,,,,,,,,,,,,,,,,,,,,,,,,,,,,,,,,,,,,,,,,,,,,,1,,,,,,,,2,,,,,,,,1,,,,,,,
서울특별시 영등포구 양평동2가,CNG,,,,,,,1,,1,,,,,,1,,1,,,,,,,,,,,,,,,,,,,,,,,,,,,,,,,,1,,,,,,,,,,,7,,,,,,,,7,,,,,1,,,7,,,,
서울특별시 영등포구 양평동2가,경유,332,,37,,,4,180,641,325,,43,,,4,177,646,356,,50,,,4,183,632,406,,62,,,10,174,630,421,,71,,2,14,186,929,460,,71,,,19,181,916,526,66,77,9,,181,193,999,598,73,67,27,1,188,175,1029,581,85,68,23,1,180,167,1086,678,83,61,23,8,180,168,1027
서울특별시 영등포구 양평동2가,기타연료,,,,,,,,,,,,,,,,,,,,,,,,,,,,,,,,,,,1,,,,,,,,,,,,1,3,,,,,,,1,62,,,,,,,4,60,,,,,,,3,57,,,1,,,,2,79
서울특별시 영등포구 양평동2가,엘피지,147,84,38,,,,30,24,138,80,34,,,,33,20,152,79,39,,,,25,13,153,74,36,,1,,19,11,148,75,26,,,,20,10,151,75,24,,,,17,7,143,257,22,,,,15,3,140,274,13,,,,20,4,132,232,11,,,,7,4,115,204,12,,,,8,3
서울특별시 영등포구 양평동2가,전기,,,,,,,,,,,,,,,,,,,,,,,,,,,,,,,,,,,,,,,,,,,,,,,,,,,,,,,,,,,,,,,,,,,,,,,,,4,,,,,,,
서울특별시 영등포구 양평동2가,하이브리드(LPG+전기),1,,,,,,,,2,,,,,,,,2,,,,,,,,1,,,,,,,,2,,,,,,,,2,,,,,,,,2,,,,,,,,3,,,,,,,,2,,,,,,,,3,,,,,,,
서울특별시 영등포구 양평동2가,하이브리드(휘발유+전기),,,,,,,,,1,,,,,,,,3,,,,,,,,13,,,,,,,,14,,,,,,,,21,,,,,,,,20,,,,,,,,31,,,,,,,,39,,,,,,,,56,,,,,,,
서울특별시 영등포구 양평동2가,휘발유,422,,1,,,,1,,463,,1,,,,1,,495,,1,,,,2,,517,,1,,,,2,,522,,1,,,,2,,532,,1,,,,2,,523,14,1,,,,2,,536,6,1,,,,2,,520,4,1,,,,2,,525,4,1,,,,1,
서울특별시 영등포구 양평동2가,휘발유(무연),663,,2,,,,1,,616,,2,,,,,,657,,2,,,,,,642,,2,,,,,,616,,2,,,,,,612,,,,,,,,660,47,,,,,,,637,39,1,,,,,,668,57,1,,,,,,772,100,1,,,,,
서울특별시 영등포구 양평동2가,휘발유(유연),,,,,,,,,,,,,,,,,,,,,,,,,,,,,,,,,,,,,,,,,,,,,,,,,,,,,,,,,1,,,,,,,,1,,,,,,,,,,,,,,,
서울특별시 영등포구 양평동3가,CNG,,,,,,,2,,,,,,,,2,,,,,,,,2,,,,,,,,3,,,4,,,,,3,,,3,,,,,3,,,,,,,,3,,,,,,,,3,,1,,,,,,3,,,,,,,,3,
서울특별시 영등포구 양평동3가,경유,912,,147,,19,10,736,43,988,,135,,12,10,616,64,993,,142,,17,4,608,106,1075,1,146,,16,9,652,106,1163,,147,,18,,590,65,1227,,140,,6,1,524,66,1410,,163,4,8,1,517,123,1435,1,165,4,9,38,526,168,1578,14,138,1,9,50,513,162,1733,13,122,,11,68,519,156
서울특별시 영등포구 양평동3가,기타연료,,,1,,,,2,,,,1,,,,2,,,,1,,,,6,,,,,,,,3,,,,,,,,2,,,,1,,,,5,1,,,1,,,,6,1,,,2,,,,8,1,,,2,,,,10,1,,,2,,,,6,4
서울특별시 영등포구 양평동3가,엘피지,456,133,108,,,,74,3,487,142,93,,,,59,4,427,135,78,,,,56,4,418,132,80,,,,46,8,452,116,63,,,,41,8,427,119,56,,,,35,9,400,187,47,,,,39,3,411,158,40,,,,31,4,381,119,39,,,,38,7,315,102,30,,,,34,6
서울특별시 영등포구 양평동3가,전기,,,,,,,,,,,,,,,,,,,,,,,,,,,,,,,,,,,,,,,,,,,,,,,,,1,,,,,,,,,,,,,,,,3,,,,,,,,8,,,,,,,
서울특별시 영등포구 양평동3가,하이브리드(LPG+전기),5,,,,,,,,14,,,,,,,,22,,,,,,,,22,,,,,,,,26,,,,,,,,27,,,,,,,,15,,,,,,,,4,,,,,,,,3,,,,,,,,5,8,,,,,,
서울특별시 영등포구 양평동3가,하이브리드(경유+전기),,,,,,,,,,,,,,,,,,,,,,,,,,,,,,,,,,,,,,,,,,,,,,,,,,,,,,,,,,,,,,,,,1,,,,,,,,,,,,,,,
서울특별시 영등포구 양평동3가,하이브리드(휘발유+전기),,,,,,,,,,,,,,,,,20,,,,,,,,38,,,,,,,,44,,,,,,,,71,,,,,,,,83,,,,,,,,121,,,,,,,,111,3,,,,,,,140,6,,,,,,
서울특별시 영등포구 양평동3가,휘발유,1191,1,,,,,,,1455,,,,,,,,1407,,,,,,,,1473,,,,,,1,,1576,,,,,,,,1352,,,,,,2,,1311,8,,,,,2,,1360,1,,,,,,,1355,5,1,,,,,,1357,5,,,,,,
서울특별시 영등포구 양평동3가,휘발유(무연),1774,,2,,,,7,,1817,,1,,,,5,,1727,,1,,,,5,,1713,,1,,,,4,,1795,,,,,,4,,1768,,2,,,,4,,1788,2,1,,,,4,,1937,1,,,,,4,,1867,25,1,,,,5,,1979,25,,,,,4,
서울특별시 영등포구 양평동3가,휘발유(유연),,,,,,,,,,,,,,,,,,,,,,,,,,,,,,,,,,,,,,,,,,,,,,,,,,,,,,,,,4,,,,,,,,4,3,,,,,,,2,3,,,,,,
서울특별시 영등포구 양평동4가,CNG,,,,,,,4,,,,,,,,2,,,,,,,,2,,,,,,,,2,,,,,,,,2,,,,,,,,2,,,,,,,,2,,,,,,,,2,,,,,,,,2,,,,,,,,2,
서울특별시 영등포구 양평동4가,경유,343,,82,38,19,162,1250,80,357,,75,33,23,151,375,83,379,,72,37,27,84,372,79,407,,73,41,31,13,376,57,431,,75,,31,8,385,31,464,,73,1,32,30,372,35,510,,67,1,32,35,384,131,582,,70,27,42,38,406,150,618,,66,24,46,33,399,199,648,,71,,47,22,570,196
서울특별시 영등포구 양평동4가,기타연료,,,,,,,1,,,,,,,1,,,,,,,,1,,,,,,,,,2,,,,,,,,3,,,,,,,,,,,,,,,,,,,,,,,,2,,,,,,,,3,,,,,,,,1,1
서울특별시 영등포구 양평동4가,엘피지,167,107,62,,,4,49,4,181,86,46,,,5,54,5,174,90,51,,,3,60,4,165,92,42,,2,,63,4,169,87,37,,2,,57,6,168,88,28,,2,,46,6,158,85,23,,2,,42,6,141,86,16,,2,1,38,5,154,83,13,,2,1,35,4,149,14,9,,2,1,30,3
서울특별시 영등포구 양평동4가,전기,,,,,,,,,,,,,,,,,,,,,,,,,,,,,,,,,,,,,,,,,,,,,,,,,,,,,,,,,,,,,,,,,,,,,,,,,4,,,,,,,
서울특별시 영등포구 양평동4가,하이브리드(LPG+전기),,,,,,,,,,,,,,,,,,,,,,,,,1,,,,,,,,1,,,,,,,,,,,,,,,,2,,,,,,,,2,,,,,,,,4,,,,,,,,4,,,,,,,
서울특별시 영등포구 양평동4가,하이브리드(휘발유+전기),1,,,,,,,,1,,,,,,,,4,,,,,,,,13,,,,,,,,21,,,,,,,,24,,,,,,,,26,,,,,,,,32,,,,,,,,48,,,,,,,,68,1,,,,,,
서울특별시 영등포구 양평동4가,휘발유,413,2,2,,,,1,,447,,2,,,,1,,514,1,2,,,,1,,531,1,2,,,,1,,493,,2,,,,1,,490,,2,,,,1,,516,,2,,,,1,,542,,2,,,,1,,539,,1,,,,1,,550,,1,,,,3,
서울특별시 영등포구 양평동4가,휘발유(무연),739,,2,,,,2,,678,,1,,,,2,,778,,1,,,,2,,794,,2,,,,1,,730,,2,,,,,,695,2,1,,,,,,736,2,2,,,,,,724,,2,,,,,,718,,2,,,,,,746,,2,,,,,
서울특별시 영등포구 양평동4가,휘발유(유연),,,,,,,,,,,,,,,,,,,,,,,,,,,,,,,,,,,,,,,,,,,,,,,,,,,,,,,,,2,,,,,,,,3,,,,,,,,2,,,,,,,
서울특별시 영등포구 양평동5가,CNG,,,,,,,,,,,,,,,2,,1,,,,,,,,1,,,,,,,,1,,,,,,,,1,,,,,,,,,,,,,,,,,,,,,,,,,,,,,,,,,,,,,,,
서울특별시 영등포구 양평동5가,경유,349,6,45,10,,7,218,15,370,3,56,12,,1,1022,21,376,,64,10,1,1,1017,18,419,,71,9,2,49,1130,35,471,,78,,13,48,962,41,516,,70,,15,16,1009,140,596,,68,,15,13,953,118,634,,60,,14,5,1077,58,652,3,55,,16,2,1672,67,685,3,44,,23,6,1395,63
서울특별시 영등포구 양평동5가,기타연료,,,2,,,,,1,,,1,,,,,1,,,1,,,,3,1,,,,,,,2,1,,,,,,,2,1,,,1,,1,,4,1,,,1,,1,,5,1,,,1,,1,,6,1,,,1,,1,,6,1,,,1,,,,6,1
서울특별시 영등포구 양평동5가,수소,,,,,,,,,,,,,,,,,,,,,,,,,,,,,,,,,,,,,,,,,,,,,,,,,,,,,,,,,,,,,,,,,,,,,,,,,1,,,,,,,
서울특별시 영등포구 양평동5가,엘피지,140,96,40,,,,25,3,130,91,36,,,,24,3,133,83,27,,,,26,2,125,79,24,,,,24,1,137,14,24,,,,22,3,136,13,20,,,1,23,2,128,14,17,,,1,20,3,122,14,15,,,,19,3,109,84,14,,,,21,3,111,85,9,,,,16,2
서울특별시 영등포구 양평동5가,전기,,,,,,,,,,,,,,,,,,,,,,,,,,,,,,,,,,,,,,,,,1,,,,,,,,1,,,,,,,,,,,,,,,,1,,,,,,,,5,,,,,,,
서울특별시 영등포구 양평동5가,하이브리드(LPG+전기),1,,,,,,,,2,,,,,,,,1,,,,,,,,1,,,,,,,,2,,,,,,,,2,,,,,,,,2,,,,,,,,1,,,,,,,,1,,,,,,,,1,,,,,,,
서울특별시 영등포구 양평동5가,하이브리드(휘발유+전기),,,,,,,,,2,,,,,,,,2,,,,,,,,9,,,,,,,,10,,,,,,,,15,,,,,,,,27,,,,,,,,42,,,,,,,,66,,,,,,,,77,,,,,,,
서울특별시 영등포구 양평동5가,휘발유,428,5,1,,,,1,,491,4,1,,,,,,497,2,1,,,,,,525,2,1,,,,1,,567,,1,,,,,,586,,1,,,,,,584,,1,,,,,,553,,1,,,,,,588,1,1,,,,,,575,1,1,,,,1,
서울특별시 영등포구 양평동5가,휘발유(무연),676,1,1,,,,1,,674,,1,,,,1,,638,,1,,,,1,,700,2,1,,,,1,,724,,1,,,,1,,747,,1,,,,1,,765,,1,,,,1,,779,,2,,,,1,,791,,1,,,,1,,801,,1,,,,1,
서울특별시 영등포구 양평동5가,휘발유(유연),1,,,,,,,,,,,,,,,,,,,,,,,,,,,,,,,,,,,,,,,,,,,,,,,,,,,,,,,,1,,,,,,,,1,,,,,,,,2,,,,,,,
서울특별시 영등포구 양평동6가,CNG,,,,4,,,,,,,,4,,,,,,,,4,,,,,,,,4,,,,,,,,4,,,,,,,,4,,,,,,,,4,,,,,,,,4,,,,,,,,4,,,,,,,,4,,,,
서울특별시 영등포구 양평동6가,경유,172,,24,9,,1,140,12,184,,24,9,,1,144,16,199,,25,9,,1,140,15,196,,26,9,,1,149,18,193,,27,9,,1,156,16,185,,22,9,,1,151,14,240,,22,3,,1,152,11,320,,24,4,,1,152,11,332,,26,4,,1,155,12,349,,24,4,,2,151,10
서울특별시 영등포구 양평동6가,기타연료,,,,,,,,,,,,,,,,,,,,,,,,,,,,,,,1,,,,,,,,2,,,,,,,,2,,,,1,,,,2,,,,,,,,2,,,,,,,,,,,,,,,,,
서울특별시 영등포구 양평동6가,엘피지,77,356,30,,,,22,2,75,356,27,,,,21,2,75,355,25,,,,13,4,70,363,19,,,,13,3,64,348,15,,,,14,3,56,321,14,,,,11,3,50,243,12,,,,14,4,46,261,9,,,,14,5,54,245,10,,,,19,5,59,231,10,,,,25,5
서울특별시 영등포구 양평동6가,전기,,,,,,,,,,,,,,,,,,,,,,,,,,,,,,,,,,,,,,,,,,,,,,,,,,,,,,,,,,,,,,,,,,,,,,,,,1,,,,,,,
서울특별시 영등포구 양평동6가,하이브리드(LPG+전기),2,,,,,,,,6,,,,,,,,10,,,,,,,,20,,,,,,,,25,,,,,,,,1,,,,,,,,2,,,,,,,,2,,,,,,,,3,,,,,,,,1,,,,,,,
서울특별시 영등포구 양평동6가,하이브리드(휘발유+전기),,,,,,,,,,,,,,,,,,,,,,,,,4,,,,,,,,7,,,,,,,,8,,,,,,,,11,,,,,,,,16,,,,,,,,23,,,,,,,,32,,,,,,,
서울특별시 영등포구 양평동6가,휘발유,184,,1,,,,,,211,,1,,,,,,236,,1,,,,,,245,,1,,,,,,216,,1,,,,,,220,,1,,,,,,245,,1,,,,,,273,,1,,,,,,284,,1,,,,,,301,,1,,,,,
서울특별시 영등포구 양평동6가,휘발유(무연),316,,,,,,,,324,,1,,,,,,342,,1,,,,,,336,,1,,,,,,335,,1,,,,,,303,,1,,,,,,320,,1,,,,,,388,,1,,,,,,383,,1,,,,,,386,,1,,,,,
서울특별시 영등포구 양화동,경유,,,,,,,,,,,,,,,,,,,,,,,2,,,,,,,,1,,,,,,,,1,,,,,,,,1,,,,,,,,1,,,,,,,,1,,,,,,,,1,,,,1,,,,1,
서울특별시 영등포구 양화동,엘피지,,,,,,,2,,,,,,,,2,,,,,,,,2,,,,,,,,1,,,,,,,,1,,,,,,,,1,,,,,,,,1,,,,,,,,1,,,,,,,,1,,,,,,,,1,
서울특별시 영등포구 양화동,하이브리드(휘발유+전기),1,,,,,,,,1,,,,,,,,1,,,,,,,,1,,,,,,,,1,,,,,,,,1,,,,,,,,1,,,,,,,,1,,,,,,,,1,,,,,,,,1,,,,,,,
서울특별시 영등포구 양화동,휘발유,1,,,,,,,,1,,,,,,,,1,,,,,,,,1,,,,,,,,1,,,,,,,,1,,,,,,,,1,,,,,,,,1,,,,,,,,1,,,,,,,,1,,,,,,,
서울특별시 영등포구 양화동,휘발유(무연),1,,,,,,,,1,,,,,,,,1,,,,,,,,1,,,,,,,,1,,,,,,,,,,,,,,,,,,,,,,,,,,,,,,,,,,,,,,,,,,,,,,,
서울특별시 영등포구 신길동,CNG,2,,1,29,,,,,3,,1,,,,,,2,3,1,,,,,,5,4,1,,,,,,5,4,1,,,,,,3,3,1,,,,,,1,2,1,,,,,,3,2,1,,,,,,2,,1,,,,,,3,,1,,,,1,
서울특별시 영등포구 신길동,경유,4493,31,1251,106,11,53,3055,314,4559,31,1230,81,9,72,2939,344,4536,29,1191,83,10,64,2799,305,4709,18,1168,77,10,68,2766,298,5024,15,1207,60,11,70,2772,316,5425,,1256,5,9,62,2800,312,6032,,1298,1,9,13,2786,302,6328,6,1319,,16,13,2605,287,6753,7,1257,,16,15,2593,270,6786,10,1183,4,16,13,2543,270
서울특별시 영등포구 신길동,기타연료,4,,1,,,,1,,3,,2,,,,5,2,3,,2,,,,5,,3,,5,,,,5,,3,,5,,,,9,,3,,7,,,,10,,3,,10,,,,10,,3,,8,,,,10,,3,,9,,,,12,,3,,6,,,,13,
서울특별시 영등포구 신길동,엘피지,2577,659,791,2,,1,747,96,2623,683,767,,,1,744,103,2445,664,639,,,1,668,89,2426,662,565,,,1,582,74,2307,586,487,,,1,505,77,2200,404,393,,,1,430,83,2054,394,316,,,,384,75,1881,377,247,1,,,317,65,1758,387,193,1,,,273,64,1601,364,155,1,,,242,57
서울특별시 영등포구 신길동,전기,,,,,,,,,,,,,,,,,,,,,,,,,,,,,,,,,,,,,,,,,,,,,,,,,1,,,,,,,,1,,,,,,,,4,,,,,,,,18,,,,,,,
서울특별시 영등포구 신길동,하이브리드(LPG+전기),10,,,,,,,,14,,,,,,,,17,,,,,,,,24,,,,,,,,25,,,,,,,,25,,,,,,,,24,,,,,,,,23,,,,,,,,21,,,,,,,,21,,,,,,,
서울특별시 영등포구 신길동,하이브리드(휘발유+전기),9,,,,,,,,7,,,,,,,,29,,,,,,,,76,2,,,,,,,105,1,,,,,,,146,1,,,,,,,181,1,,,,,,,269,2,,,,,,,396,1,,,,,,,501,1,,,,,,
서울특별시 영등포구 신길동,휘발유,4804,20,2,,,,7,,5209,10,2,,,,8,,5146,13,3,,,,8,,5220,16,3,,,,6,,5225,14,3,,,,6,,5201,,2,,,,8,,5276,,3,,,,6,,5359,,3,,,,6,,5580,,3,,,,4,,5412,,3,,,,4,
서울특별시 영등포구 신길동,휘발유(무연),10076,3,9,1,,,14,,9619,7,7,,,,15,,9070,9,8,,,,12,,8792,8,11,,,,10,,8515,10,8,,,,9,,8318,5,7,,,,8,,8149,3,4,,,,7,,7813,1,5,,,,4,,8031,3,5,,,,3,,8028,3,5,,,,3,
서울특별시 영등포구 신길동,휘발유(유연),,,,,,,,,1,,,,,,,,,,,,,,,,,,,,,,,,1,,,,,,,,1,,,,,,,,1,,,,,,,,14,,,,,,,,10,,,,,,,,13,,,,,,,
서울특별시 영등포구 대림동,CNG,,1,,,,,,,1,1,,,,,,,2,6,,,,,,,1,7,,,,,,,1,7,,,,,,,5,5,,,,,,,5,4,,,,,,,3,2,,,,,,,,2,,,,,,,1,1,,,,,,
서울특별시 영등포구 대림동,경유,2604,4,725,9,8,2,2035,296,2673,5,716,13,10,8,1949,327,2761,5,725,13,10,8,1910,354,2890,6,719,13,10,5,1898,199,3114,8,783,12,10,7,1870,203,3333,8,812,19,8,13,1894,240,3752,7,896,16,7,13,1916,242,4110,8,1003,18,9,17,1882,198,4313,8,1027,11,14,16,1829,191,4510,10,1027,7,16,16,1778,214
서울특별시 영등포구 대림동,기타연료,,,1,,,,,,,,1,,,,3,3,,,1,,,,6,4,,,1,,,,7,1,,,3,,1,,5,1,,,2,,1,,5,1,,,2,,,,6,1,,,4,,,,6,1,,,3,,,,6,1,,,3,,,,6,1
서울특별시 영등포구 대림동,엘피지,1305,916,483,1,,,384,46,1343,950,447,1,,,393,46,1305,939,374,1,,,353,41,1263,859,323,,,,317,42,1222,801,275,,,,294,37,1118,709,244,,,,261,36,1077,732,199,,,,230,31,1015,743,160,,,,212,26,920,714,117,,,,173,26,858,717,95,,,,159,25
서울특별시 영등포구 대림동,전기,,,,,,,,,,,,,,,,,,,,,,,,,,,,,,,,,,,,,,,,,,,,,,,,,,1,,,,,,,,1,,,,,,,3,1,,,,,,,9,1,,,,,,
서울특별시 영등포구 대림동,하이브리드(LPG+전기),2,,,,,,,,6,,,,,,,,7,,,,,,,,12,,,,,,,,17,,,,,,,,13,,,,,,,,11,,,,,,,,14,,,,,,,,11,,,,,,,,8,,,,,,,
서울특별시 영등포구 대림동,하이브리드(휘발유+전기),1,,,,,,,,3,,,,,,,,12,,,,,,,,50,,,,,,,,70,,,,,,,,95,,,,,,,,105,,,,,,,,152,,,,,,,,211,1,,,,,,,254,1,,,,,,
서울특별시 영등포구 대림동,휘발유,2739,3,5,,,,6,,2939,3,6,,,,7,,2994,1,3,,,,6,,3037,2,3,,,,5,,3042,4,3,,,,5,,3016,5,3,,,,5,,2959,4,3,,,,5,,2948,1,3,,,,5,,2979,1,3,,,,6,,2934,,3,,,,6,
서울특별시 영등포구 대림동,휘발유(무연),5386,4,7,,,,13,,5154,11,6,,,,12,,4977,9,5,,,,12,,4847,9,6,,,,10,,4726,9,6,,,,10,,4630,15,6,,,,10,,4559,16,4,,,,10,,4509,19,4,,,,8,,4420,15,4,,,,7,,4458,15,4,,,,6,
서울특별시 영등포구 대림동,휘발유(유연),,,,,,,,,,,,,,,,,1,,,,,,,,,,,,,,,,,,,,,,,,,,,,,,,,,,,,,,,,1,,,,,,,,4,,,,,,,,4,,,,,,,
서울특별시 영등포구 양평동,경유,1,,2,,,,6,10,,,1,,,,1,9,,,1,,,,1,6,,,1,,,,,7,,,1,,,,,4,,,1,,,,,4,,,1,,,,,4,,,1,,,,,2,,,1,,,,,1,,,,,,,,1
서울특별시 영등포구 양평동,기타연료,,,,,,,,1,,,,,,,,,,,,,,,,,,,,,,,,,,,,,,,,,,,,,,,,,,,,,,,,,,,,,,,,,,,,,,,,,,,,,,,,
서울특별시 영등포구 양평동,엘피지,2,,,,,,,1,,,1,,,,,1,1,,,,,,,1,,,,,,,,1,,,,,,,,,,,,,,,,,,,,,,,,,,,,,,,,,,,,,,,,,,,,,,,,
서울특별시 영등포구 양평동,하이브리드(LPG+전기),1,,,,,,,,,,,,,,,,,,,,,,,,,,,,,,,,,,,,,,,,,,,,,,,,,,,,,,,,,,,,,,,,,,,,,,,,,,,,,,,
서울특별시 영등포구 양평동,휘발유,6,,,,,,,,3,,,,,,,,3,,,,,,,,2,,,,,,,,2,,,,,,,,2,,,,,,,,1,,,,,,,,,,,,,,,,,,,,,,,,,,,,,,,
서울특별시 영등포구 양평동,휘발유(무연),9,,,,,,,,2,,,,,,,,2,,,,,,,,2,,,,,,,,2,,,,,,,,,,,,,,,,,,,,,,,,,,,,,,,,,,,,,,,,1,,,,,,,
